{
  "best": {
    "grid": {
      "J": 37.64865593966417,
      "Kp": 0.1,
      "Kd": 0.11666666666666667,
      "settle": 22.98,
      "overshoot": 99.20418051532347,
      "final_err": 80.59981423436368,
      "effort": 0.7885002750605257,
      "sat_ratio": 0.0
    },
    "random": {
      "J": 43.052128937621546,
      "Kp": 1.2122727897578753,
      "Kd": 0.5182997447501866,
      "settle": 22.98,
      "overshoot": 48.47237183253344,
      "final_err": 131.52292304406163,
      "effort": 2.61241800740957,
      "sat_ratio": 0.3688888888888889
    },
    "nm": {
      "J": 33.840302183644965,
      "Kp": 1.0547583799801303,
      "Kd": 0.43580402218568254,
      "settle": 22.98,
      "overshoot": 140.37395072336557,
      "final_err": 39.52724082283952,
      "effort": 2.560837422714452,
      "sat_ratio": 0.4666666666666667
    },
    "sa": {
      "J": 34.67404588823014,
      "Kp": 0.3295909814383394,
      "Kd": 0.5124459462680402,
      "settle": 22.98,
      "overshoot": 130.02847679502023,
      "final_err": 49.88319925037808,
      "effort": 1.3189075762018247,
      "sat_ratio": 0.13444444444444445
    },
    "pso": {
      "J": 31.81714503819812,
      "Kp": 0.21650311855357235,
      "Kd": 0.2120847259223998,
      "settle": 22.98,
      "overshoot": 158.1583261568066,
      "final_err": 21.463314195300068,
      "effort": 1.4202564823089021,
      "sat_ratio": 0.11222222222222222
    }
  },
  "elapsed_s": 2773.78
}