{
  "best": {
    "grid": {
      "J": 24.499548345708604,
      "Kp": 3.5,
      "Kd": 0.31,
      "settle": 16.97,
      "overshoot": 5.009296044672112,
      "final_err": 76.4495210466577,
      "effort": 1.3980968793990332,
      "sat_ratio": 0.28
    },
    "random": {
      "J": 22.828080643257547,
      "Kp": 2.80551214037455,
      "Kd": 0.18839301110703882,
      "settle": 16.97,
      "overshoot": 7.553239561100355,
      "final_err": 66.68952129097667,
      "effort": 1.5431828596811827,
      "sat_ratio": 0.3675
    },
    "nm": {
      "J": 20.541337121869926,
      "Kp": 4.5612265710001765,
      "Kd": 0.25919639007174483,
      "settle": 16.97,
      "overshoot": 11.099399910688447,
      "final_err": 53.419098180731766,
      "effort": 1.6105166310315202,
      "sat_ratio": 0.42
    },
    "sa": {
      "J": 21.749764505054657,
      "Kp": 3.5,
      "Kd": 0.22530481324672272,
      "settle": 16.97,
      "overshoot": 6.728189519653803,
      "final_err": 61.682994873013534,
      "effort": 1.573977189910437,
      "sat_ratio": 0.385
    },
    "pso": {
      "J": 21.48842901196376,
      "Kp": 3.5,
      "Kd": 0.21580973480353144,
      "settle": 16.97,
      "overshoot": 10.334341693826914,
      "final_err": 58.55657014587263,
      "effort": 1.5937054227102623,
      "sat_ratio": 0.3925
    }
  },
  "elapsed_s": 193.04,
  "args": {
    "heavy": false,
    "no_landscape": false,
    "no_violin": false,
    "optim": "grid,random,nm,sa,pso",
    "T": 12.0,
    "dt": 0.03,
    "landN": 18,
    "seed": 42
  }
}